R#,QSO,LRG,ELG_HIP,ELG_LOP,BGS_BRIGHT,BGS_FAINT,MWS
0,1.000,0.996,0.972,0.885,0.993,0.984,0.967
1,1.000,0.998,0.983,0.917,0.992,0.990,0.977
2,1.000,0.999,0.975,0.903,0.999,0.995,0.984
3,1.000,0.996,0.988,0.964,0.998,0.986,0.990
4,1.000,0.996,0.982,0.925,0.993,0.980,0.964
5,1.000,0.998,0.973,0.870,0.992,0.983,0.965
6,1.000,0.997,0.974,0.907,0.999,0.997,0.994
7,1.000,0.998,0.975,0.907,0.997,0.994,0.982
8,1.000,0.991,0.953,0.837,0.996,0.987,0.962
9,1.000,0.996,0.960,0.837,0.998,0.994,0.965
10,1.000,0.994,0.966,0.869,0.998,0.991,0.959
11,1.000,0.996,0.979,0.918,0.997,0.978,0.945
12,1.000,0.994,0.970,0.890,1.000,0.996,0.987
13,1.000,0.992,0.971,0.898,0.993,0.981,0.953
14,1.000,0.994,0.979,0.932,0.999,0.992,0.955
15,1.000,0.995,0.986,0.938,0.999,0.998,0.963
16,1.000,0.996,0.969,0.875,0.999,0.994,0.988
17,0.999,0.996,0.955,0.815,0.990,0.977,0.948
18,1.000,0.973,0.967,0.900,0.998,0.996,0.953
19,1.000,0.995,0.970,0.881,0.999,0.997,0.990